,,,,,,,,,,,,,
,DEN HAAG ,DEN HAAG ,,,,,,,,,,,
,Hoe te boeken?,Categorie,Datum,Tijd,Omschrijving,Prijs,Locatie,Capaciteit,Al verkocht,Extra informatie,,,
,Vrij te boeken voor iedereen,Entreeticket,Vrijdag 12 november 2027,13.00 en 17.00,VIP-sessie vrijdagmiddag van 13.00 tot 17.00," €  79,50 ",,850,850,,,,
,Vrij te boeken voor iedereen,Entreeticket,Vrijdag 12 november 2027,19.00 tot 23.00,Entreeticket vrijdagavond 19.00 tot 23.00 ," €  55,00 ",,1250,,,,,
,Vrij te boeken voor iedereen,Entreeticket,Zaterdag 13 november 2027,13.00 en 17.00,Entreeticket zaterdagmiddag 13.00 tot 17.00," €  55,00 ",,1250,1250,,,,
,Vrij te boeken voor iedereen,Entreeticket,Zaterdag 13 november 2027,19.00 tot 23.00,Entreeticket zaterdagavond 19.00 tot 23.00 ," €  55,00 ",,1250,1250,,,,
,Vrij te boeken voor iedereen,Entreeticket,Zondag 14 november 2027,13.00 en 17.00,Entreeticket zondagmiddag 13.00 tot 17.00," €  55,00 ",,1250,,,,,
,Vrij te boeken voor iedereen,Botteling,,,Vat A: Amrut Single Malt - Single Cask #9318 Whisky Live The Hague 2026 - Cask Strenght    ," €  85,00 ",,100,,,,,
,Vrij te boeken voor iedereen,Botteling,,,Vat B: Amrut Single Malt - Single Cask #3464 Whisky Live The Hague 2026 - Cask Strenght ," €  85,00 ",,100,,,,,
,Vrij te boeken voor iedereen,Botteling,,,Kilchoman Single Cask 18YO- The Hague 2025 Exclusive - botteling 2025 ," €  385,00 ",,100,,,,,
,Vrij te boeken voor iedereen,Botteling,,,Kilchoman Single Cask 7 YO STR Matured with New Oak Finish - botteling 2025," €  90,00 ",,50,,,,,
,,"NIEUWE CATEGORIE: Warehouse tasting, zoals vermeld in eerste feedback ronde van 18-8-2026",,,,,,,,,,,
,enkel i.c.m. entreeticket,Warehouse tasting,Vrijdag 12 november 2027,14.00 tot 14.30,WAREHOUSE tasting CLEY - vrijdag 14.00," €  20,00 ",Kerk- stand Cley ,6,6,,,,
,enkel i.c.m. entreeticket,Warehouse tasting,Vrijdag 12 november 2027,15.00 tot 15.30,WAREHOUSE tasting CLEY - vrijdag 15.00," €  20,00 ",Kerk- stand Cley ,6,6,,,,
,enkel i.c.m. entreeticket,Warehouse tasting,Vrijdag 12 november 2027,16.00 tot 16.30,WAREHOUSE tasting CLEY - vrijdag 16.00," €  20,00 ",Kerk- stand Cley ,6,6,,,,
,enkel i.c.m. entreeticket,Warehouse tasting,Vrijdag 12 november 2027,20.00 tot 20.30,WAREHOUSE tasting CLEY - vrijdag 20.00," €  20,00 ",Kerk- stand Cley ,6,,,,,
,enkel i.c.m. entreeticket,Warehouse tasting,Vrijdag 12 november 2027,21.00 tot 21.30,WAREHOUSE tasting CLEY - vrijdag 21.00," €  20,00 ",Kerk- stand Cley ,6,,,,,
,enkel i.c.m. entreeticket,Warehouse tasting,Vrijdag 12 november 2027,22.00 tot 22.30,WAREHOUSE tasting CLEY - vrijdag 22.00," €  20,00 ",Kerk- stand Cley ,6,,,,,
,enkel i.c.m. entreeticket,Warehouse tasting,Zaterdag 13 november 2027,14.00 tot 14.30,WAREHOUSE tasting CLEY - zaterdag 14.00," €  20,00 ",Kerk- stand Cley ,6,,,,,
,enkel i.c.m. entreeticket,Warehouse tasting,Zaterdag 13 november 2027,15.00 tot 15.30,WAREHOUSE tasting CLEY - zaterdag 15.00," €  20,00 ",Kerk- stand Cley ,6,,,,,
,enkel i.c.m. entreeticket,Warehouse tasting,Zaterdag 13 november 2027,16.00 tot 16.30,WAREHOUSE tasting CLEY - zaterdag 16.00," €  20,00 ",Kerk- stand Cley ,6,,,,,
,enkel i.c.m. entreeticket,Warehouse tasting,Zaterdag 13 november 2027,20.00 tot 20.30,WAREHOUSE tasting CLEY - zaterdag 20.00," €  20,00 ",Kerk- stand Cley ,6,,,,,
,enkel i.c.m. entreeticket,Warehouse tasting,Zaterdag 13 november 2027,21.00 tot 21.30,WAREHOUSE tasting CLEY - zaterdag 21.00," €  20,00 ",Kerk- stand Cley ,6,,,,,
,enkel i.c.m. entreeticket,Warehouse tasting,Zaterdag 13 november 2027,22.00 tot 22.30,WAREHOUSE tasting CLEY - zaterdag 22.00," €  20,00 ",Kerk- stand Cley ,6,,,,,
,enkel i.c.m. entreeticket,Warehouse tasting,Zondag 14 november 2027,14.00 tot 14.30,WAREHOUSE tasting CLEY - zondag 14.00," €  20,00 ",Kerk- stand Cley ,6,,,,,
,enkel i.c.m. entreeticket,Warehouse tasting,Zondag 14 november 2027,15.00 tot 15.30,WAREHOUSE tasting CLEY - zondag 15.00," €  20,00 ",Kerk- stand Cley ,6,,,,,
,enkel i.c.m. entreeticket,Warehouse tasting,Zondag 14 november 2027,16.00 tot 16.30,WAREHOUSE tasting CLEY - zondag 16.00 ," €  20,00 ",Kerk- stand Cley ,6,,,,,
,Vrij te boeken voor iedereen,Masterclass,Vrijdag 12 november 2027,11.15 tot 13.00,TOR-01 - Torentasting INCLUSIEF beklimming - Vrijdag 14 november 2025 - 11.00 uur verzamelen - MACALLAN," €  77,50 ",Toren-Zolder,20,,,,,
,Vrij te boeken voor iedereen,Masterclass,Vrijdag 12 november 2027,12.00 tot 13.00,TOR-02 - Torentasting ZONDER beklimming - Vrijdag 14 november 2025 - 12.00 uur verzamelen - MACALLAN," €  70,00 ",Toren-Zolder,15,,,,,
,Vrij te boeken voor iedereen,Masterclass,Vrijdag 12 november 2027,12.15 tot 13.00,Teeling," €  20,00 ",Spaarkamer,21,,,,,
,Vrij te boeken voor iedereen,Masterclass,Vrijdag 12 november 2027,12.15 tot 13.00,Whisky & Bites - Dennis Mulder," €  27,50 ",Telkamer,30,,,,,
,Vrij te boeken voor iedereen,Masterclass,Vrijdag 12 november 2027,12.15 tot 13.00,SMWS," €  25,00 ",Foyer,30,,,,,
,Vrij te boeken voor iedereen,Masterclass,Vrijdag 12 november 2027,14.00 tot 14.45,Glenfiddich Old timers door Tony van Rooijen," €  55,00 ",Telkamer,30,,,,,
,Vrij te boeken voor iedereen,Masterclass,Vrijdag 12 november 2027,14.00 tot 14.45,Glengoyne & Tamdhu," €  17,50 ",Foyer,30,,,,,
,Vrij te boeken voor iedereen,Masterclass,Vrijdag 12 november 2027,15.30 tot 16.15,Stokerij Sculte," €  49,50 ",Telkamer,30,,,,,
,Vrij te boeken voor iedereen,Masterclass,Vrijdag 12 november 2027,15.30 tot 16.15,House of Suntory - Japanese Portfolio," €  20,00 ",Foyer,30,,,,,
,Vrij te boeken voor iedereen,Masterclass,Vrijdag 12 november 2027,18.30 tot 19.00,INTRO - VRIJDAG AVOND ," €  7,50 ",Spaarkamer,21,,,,,
,Vrij te boeken voor iedereen,Masterclass,Vrijdag 12 november 2027,18.30 tot 19.15,Balvenie Old timers door Tony van Rooijen," €  65,00 ",Foyer,30,,,,,
,Vrij te boeken voor iedereen,Masterclass,Vrijdag 12 november 2027,20.00 tot 20.45,The Rise of Grain Whisky - Distilleerderij de Bronckhorst," €  17,50 ",Spaarkamer,21,,,,,
,Vrij te boeken voor iedereen,Masterclass,Vrijdag 12 november 2027,20.00 tot 20.45,NcNean Distillery," €  25,00 ",Telkamer,30,,,,,
,Vrij te boeken voor iedereen,Masterclass,Vrijdag 12 november 2027,21.30 tot 22.15,Filliers," €  17,50 ",Telkamer,30,,,,,
,Vrij te boeken voor iedereen,Masterclass,Vrijdag 12 november 2027,21.30 tot 22.15,Benbecula new spirits??? STAAT NOG NIET LIVE,,Foyer,30,,,,,
,Vrij te boeken voor iedereen,Masterclass,Zaterdag 13 november 2027,11.15 tot 13.00,TOR-03 - Torentasting INCLUSIEF beklimming - Zaterdag 15 november 2025 - 11.00 uur verzamelen  - Bowmore ," €  35,00 ",Toren-Zolder,20,,,,,
,Vrij te boeken voor iedereen,Masterclass,Zaterdag 13 november 2027,12.00 tot 13.00,TOR-04 - Torentasting ZONDER beklimming - Zaterdag 15 november 2025 - 12.00 uur verzamelen - Bowmore," €  35,00 ",Toren-Zolder,15,,,,,
,Vrij te boeken voor iedereen,Masterclass,Zaterdag 13 november 2027,12.30 tot 13.00,INTRO - ZATERDAG MIDDAG," €  7,50 ",Spaarkamer,21,,,,,
,Vrij te boeken voor iedereen,Masterclass,Zaterdag 13 november 2027,12.30 tot 13.15,Unieke old-timers - Glenfiddich - Glen Grant - Port Ellen - Bunnahabhain," €  85,00 ",Telkamer,30,,,,,
,Vrij te boeken voor iedereen,Masterclass,Zaterdag 13 november 2027,12.30 tot 13.15,The Ultimate - Historische bottelingen ," €  35,00 ",Foyer,30,,,,,
,Vrij te boeken voor iedereen,Masterclass,Zaterdag 13 november 2027,14.00 tot 14.45,Teeling," €  20,00 ",Spaarkamer,21,,,,,
,Vrij te boeken voor iedereen,Masterclass,Zaterdag 13 november 2027,14.00 tot 14.45,Brugs heilig water," €  25,00 ",Foyer,30,,,,,
,Vrij te boeken voor iedereen,Masterclass,Zaterdag 13 november 2027,15.30 tot 16.15,Benbecula new spirits??? STAAT NOG NIET LIVE,,Spaarkamer,21,,,,,
,Vrij te boeken voor iedereen,Masterclass,Zaterdag 13 november 2027,15.30 tot 16.15,Sakarao Distillery ," €  20,00 ",Foyer,30,,,,,
,Vrij te boeken voor iedereen,Masterclass,Zaterdag 13 november 2027,18.30 tot 19.00,Introductie Zaterdagavond ," €  7,50 ",Spaarkamer,21,,,,,
,Vrij te boeken voor iedereen,Masterclass,Zaterdag 13 november 2027,18.30 tot 19.15,Unieke old timers van Glenfiddich - Balvenie - Macallan - Highland Park," €  65,00 ",Telkamer,30,,,,,
,Vrij te boeken voor iedereen,Masterclass,Zaterdag 13 november 2027,18.30 tot 19.15,Teeling," €  20,00 ",Foyer,30,,,,,
,Vrij te boeken voor iedereen,Masterclass,Zaterdag 13 november 2027,20.00 tot 20.45,Glenfarclas," €  25,00 ",Telkamer,30,,,,,
,Vrij te boeken voor iedereen,Masterclass,Zaterdag 13 november 2027,20.00 tot 20.45,Amrut," €  17,50 ",Spaarkamer,21,,,,,
,Vrij te boeken voor iedereen,Masterclass,Zaterdag 13 november 2027,21.30 tot 22.15,Arran," €  25,00 ",Foyer,30,,,,,
,Vrij te boeken voor iedereen,Masterclass,Zondag 14 november 2027,11.15 tot 13.00,TOR-05 - Torentasting INCLUSIEF beklimming - Zondag 16 november 2025 - 11.00 uur verzamelen - The Glenturret ," €  37,50 ",Toren Zolder,20,,,,,
,Vrij te boeken voor iedereen,Masterclass,Zondag 14 november 2027,12.00 tot 13.00,TOR-06 - Torentasting ZONDER beklimming - Zondag 16 november 2025 - 12.00 uur verzamelen - The Glenturret," €  37,50 ",Toren Zolder,15,,,,,
,Vrij te boeken voor iedereen,Masterclass,Zondag 14 november 2027,12.30 tot 13.00,INTRO -Zondag middag ," €  7,50 ",Spaarkamer,21,,,,,
,Vrij te boeken voor iedereen,Masterclass,Zondag 14 november 2027,12.15 tot 13.00,Lagg," €  25,00 ",Telkamer,30,,,,,
,Vrij te boeken voor iedereen,Masterclass,Zondag 14 november 2027,12.15 tot 13.00,SMWS," €  25,00 ",Foyer,30,,,,,
,Vrij te boeken voor iedereen,Masterclass,Zondag 14 november 2027,14.00 tot 14.45,EEN MERK (NOG ONBEKEND) van Angus Dundee," €  17,50 ",Foyer,30,,,,,
,enkel i.c.m. entreeticket,Trail ,Vrijdag 12 november 2027,20.00 tot 20.30,Trail Klaas," €  5,00 ",Informatie-stand,6,,,,,
,enkel i.c.m. entreeticket,Trail ,Vrijdag 12 november 2027,20.00 tot 20.30,Trail Stanley," €  5,00 ",Informatie-stand,6,,,,,
,enkel i.c.m. entreeticket,Trail ,Vrijdag 12 november 2027,20.30 tot 21.00,Trail Ernst," €  5,00 ",Informatie-stand,6,,,,,
,enkel i.c.m. entreeticket,Trail ,Vrijdag 12 november 2027,20.30 tot 21.00,Trail Marly," €  5,00 ",Informatie-stand,6,,,,,
,enkel i.c.m. entreeticket,Trail ,Vrijdag 12 november 2027,20.30 tot 21.00,Trail Sebastiaan," €  5,00 ",Informatie-stand,6,,,,,
,enkel i.c.m. entreeticket,Trail ,Vrijdag 12 november 2027,21.00 tot 21.30,Trail Klaas," €  5,00 ",Informatie-stand,6,,,,,
,enkel i.c.m. entreeticket,Trail ,Vrijdag 12 november 2027,21.00 tot 21.30,Trail Stanley," €  5,00 ",Informatie-stand,6,,,,,
,enkel i.c.m. entreeticket,Trail ,Vrijdag 12 november 2027,21.30 tot 22.00,Trail Ernst," €  5,00 ",Informatie-stand,6,,,,,
,enkel i.c.m. entreeticket,Trail ,Vrijdag 12 november 2027,21.30 tot 22.00,Trail Marly," €  5,00 ",Informatie-stand,6,,,,,
,enkel i.c.m. entreeticket,Trail ,Vrijdag 12 november 2027,21.30 tot 22.00,Trail Sebastiaan," €  5,00 ",Informatie-stand,6,,,,,
,enkel i.c.m. entreeticket,Trail ,Zaterdag 13 november 2027,14.00 tot 14.30,Trail Ernst," €  5,00 ",Informatie-stand,6,,,,,
,enkel i.c.m. entreeticket,Trail ,Zaterdag 13 november 2027,14.00 tot 14.30,Trail Marlie," €  5,00 ",Informatie-stand,6,,,,,
,enkel i.c.m. entreeticket,Trail ,Zaterdag 13 november 2027,14.00 tot 14.30,Trail Sebastiaan," €  5,00 ",Informatie-stand,6,,,,,
,enkel i.c.m. entreeticket,Trail ,Zaterdag 13 november 2027,14.30 tot 15.00,Trail Stanley," €  5,00 ",Informatie-stand,6,,,,,
,enkel i.c.m. entreeticket,Trail ,Zaterdag 13 november 2027,14.30 tot 15.00,Trail Klaas," €  5,00 ",Informatie-stand,6,,,,,
,enkel i.c.m. entreeticket,Trail ,Zaterdag 13 november 2027,15.00 tot 15.30,Trail Ernst," €  5,00 ",Informatie-stand,6,,,,,
,enkel i.c.m. entreeticket,Trail ,Zaterdag 13 november 2027,15.00 tot 15.30,Trail Marlie," €  5,00 ",Informatie-stand,6,,,,,
,enkel i.c.m. entreeticket,Trail ,Zaterdag 13 november 2027,15.00 tot 15.30,Trail Sebastiaan," €  5,00 ",Informatie-stand,6,,,,,
,enkel i.c.m. entreeticket,Trail ,Zaterdag 13 november 2027,15.30 tot 16.00,Trail Stanley," €  5,00 ",Informatie-stand,6,,,,,
,enkel i.c.m. entreeticket,Trail ,Zaterdag 13 november 2027,15.30 tot 16.00,Trail Klaas," €  5,00 ",Informatie-stand,6,,,,,
,enkel i.c.m. entreeticket,Trail ,Zaterdag 13 november 2027,20.00 tot 20.30,Trail Klaas," €  5,00 ",Informatie-stand,6,,,,,
,enkel i.c.m. entreeticket,Trail ,Zaterdag 13 november 2027,20.00 tot 20.30,Trail Stanley," €  5,00 ",Informatie-stand,6,,,,,
,enkel i.c.m. entreeticket,Trail ,Zaterdag 13 november 2027,20.30 tot 21.00,Trail Ernst," €  5,00 ",Informatie-stand,6,,,,,
,enkel i.c.m. entreeticket,Trail ,Zaterdag 13 november 2027,20.30 tot 21.00,Trail Marly," €  5,00 ",Informatie-stand,6,,,,,
,enkel i.c.m. entreeticket,Trail ,Zaterdag 13 november 2027,20.30 tot 21.00,Trail Sebastiaan," €  5,00 ",Informatie-stand,6,,,,,
,enkel i.c.m. entreeticket,Trail ,Zaterdag 13 november 2027,21.00 tot 21.30,Trail Klaas," €  5,00 ",Informatie-stand,6,,,,,
,enkel i.c.m. entreeticket,Trail ,Zaterdag 13 november 2027,21.00 tot 21.30,Trail Stanley," €  5,00 ",Informatie-stand,6,,,,,
,enkel i.c.m. entreeticket,Trail ,Zaterdag 13 november 2027,21.30 tot 22.00,Trail Ernst," €  5,00 ",Informatie-stand,6,,,,,
,enkel i.c.m. entreeticket,Trail ,Zaterdag 13 november 2027,21.30 tot 22.00,Trail Marly," €  5,00 ",Informatie-stand,6,,,,,
,enkel i.c.m. entreeticket,Trail ,Zaterdag 13 november 2027,21.30 tot 22.00,Trail Sebastiaan," €  5,00 ",Informatie-stand,6,,,,,
,enkel i.c.m. entreeticket,Trail ,Zondag 14 november 2027,14.00 tot 14.30,Trail Ernst," €  5,00 ",Informatie-stand,6,,,,,
,enkel i.c.m. entreeticket,Trail ,Zondag 14 november 2027,14.00 tot 14.30,Trail Marly," €  5,00 ",Informatie-stand,6,,,,,
,enkel i.c.m. entreeticket,Trail ,Zondag 14 november 2027,14.00 tot 14.30,Trail Sebastiaan," €  5,00 ",Informatie-stand,6,,,,,
,enkel i.c.m. entreeticket,Trail ,Zondag 14 november 2027,14.30 tot 15.00,Trail Klaas," €  5,00 ",Informatie-stand,6,,,,,
,enkel i.c.m. entreeticket,Trail ,Zondag 14 november 2027,14.30 tot 15.00,Trail Stanley," €  5,00 ",Informatie-stand,6,,,,,
,enkel i.c.m. entreeticket,Trail ,Zondag 14 november 2027,15.00 tot 15.30,Trail Ernst," €  5,00 ",Informatie-stand,6,,,,,
,enkel i.c.m. entreeticket,Trail ,Zondag 14 november 2027,15.00 tot 15.30,Trail Marly," €  5,00 ",Informatie-stand,6,,,,,
,enkel i.c.m. entreeticket,Trail ,Zondag 14 november 2027,15.00 tot 15.30,Trail Sebastiaan," €  5,00 ",Informatie-stand,6,,,,,
,enkel i.c.m. entreeticket,Trail ,Zondag 14 november 2027,15.30 tot 16.00,Trail Klaas," €  5,00 ",Informatie-stand,6,,,,,Jura 18Y
,enkel i.c.m. entreeticket,Trail ,Zondag 14 november 2027,15.30 tot 16.00,Trail Stanley," €  5,00 ",Informatie-stand,6,,,,,
,Vrij te boeken voor iedereen,Whisky Tram,Vrijdag 12 november 2027,17.15 tot 18.15,Whisky Tram 1," €  39,50 ",Opstelplaats Tram buiten,26,26,Glengoyne,,,
,Vrij te boeken voor iedereen,Whisky Tram,Vrijdag 12 november 2027,18.45 tot 19.45,Whisky Tram 2," €  39,50 ",Opstelplaats Tram buiten,26,,Glengoyne,,,
,Vrij te boeken voor iedereen,Whisky Tram,Vrijdag 12 november 2027,20.15 tot 21.15,Whisky Tram 3," €  39,50 ",Opstelplaats Tram buiten,26,,Glengoyne,,,
,Vrij te boeken voor iedereen,Whisky Tram,Zaterdag 13 november 2027,12.00 tot 13.00,Whisky Tram 4," €  39,50 ",Opstelplaats Tram buiten,26,,Glengoyne,,,
,Vrij te boeken voor iedereen,Whisky Tram,Zaterdag 13 november 2027,13.30 tot 14.30,Whisky Tram 5," €  39,50 ",Opstelplaats Tram buiten,26,,Glengoyne,,,
,Vrij te boeken voor iedereen,Whisky Tram,Zaterdag 13 november 2027,18.45 tot 19.45,Whisky Tram 6," €  39,50 ",Opstelplaats Tram buiten,26,26,Kavalan,,,
,Vrij te boeken voor iedereen,Whisky Tram,Zaterdag 13 november 2027,20.15 tot 21.15,Whisky Tram 7," €  39,50 ",Opstelplaats Tram buiten,26,,Kavalan,,,
,Vrij te boeken voor iedereen,Whisky Tram,Zondag 14 november 2027,11.00 tot 12.00,Whisky Tram 8," €  39,50 ",Opstelplaats Tram buiten,26,,Kavalan,,,
,Vrij te boeken voor iedereen,Whisky Tram,Zondag 14 november 2027,12.30 tot 13.30,Whisky Tram 9," €  39,50 ",Opstelplaats Tram buiten,26,,Kavalan,,,
,Vrij te boeken voor iedereen,Whisky Tram,Zondag 14 november 2027,14.00 tot 15.00,Whisky Tram 10," €  39,50 ",Opstelplaats Tram buiten,26,,Kavalan,,,
,enkel i.c.m. entreeticket,Vatenmaker workshop,Vrijdag 12 november 2027,14.30 tot 15.00,Cooperclass - workshop vatenmaken met mini-tasting," €  5,00 ",Buitenterrein,,,,,,
,enkel i.c.m. entreeticket,Vatenmaker workshop,Vrijdag 12 november 2027,15.30 tot 16.00,Cooperclass - workshop vatenmaken met mini-tasting," €  5,00 ",Buitenterrein,,,,,,
,enkel i.c.m. entreeticket,Vatenmaker workshop,Vrijdag 12 november 2027,20.30 tot 21.00,Cooperclass - workshop vatenmaken met mini-tasting," €  5,00 ",Buitenterrein,,,,,,
,enkel i.c.m. entreeticket,Vatenmaker workshop,Vrijdag 12 november 2027,21.30 tot 22.00,Cooperclass - workshop vatenmaken met mini-tasting," €  5,00 ",Buitenterrein,,,,,,
,enkel i.c.m. entreeticket,Vatenmaker workshop,Zaterdag 13 november 2027,14.30 tot 15.00,Cooperclass - workshop vatenmaken met mini-tasting," €  5,00 ",Buitenterrein,,,,,,
,enkel i.c.m. entreeticket,Vatenmaker workshop,Zaterdag 13 november 2027,15.30 tot 16.00,Cooperclass - workshop vatenmaken met mini-tasting," €  5,00 ",Buitenterrein,,,,,,
,enkel i.c.m. entreeticket,Vatenmaker workshop,Zaterdag 13 november 2027,20.30 tot 21.00,Cooperclass - workshop vatenmaken met mini-tasting," €  5,00 ",Buitenterrein,,,,,,
,enkel i.c.m. entreeticket,Vatenmaker workshop,Zaterdag 13 november 2027,21.30 tot 22.00,Cooperclass - workshop vatenmaken met mini-tasting," €  5,00 ",Buitenterrein,,,,,,
,enkel i.c.m. entreeticket,Vatenmaker workshop,Zondag 14 november 2027,14.30 tot 15.00,Cooperclass - workshop vatenmaken met mini-tasting," €  5,00 ",Buitenterrein,,,,,,
,enkel i.c.m. entreeticket,Vatenmaker workshop,Zondag 14 november 2027,15.30 tot 16.00,Cooperclass - workshop vatenmaken met mini-tasting," €  5,00 ",Buitenterrein,,,,,,
,,,,,,,,,,,,,
,GENT 2027,,,,,,,,,,,,
,,Categorie,Datum,Tijd,Omschrijving,Prijs,,Capaciteit,Al verkocht,Extra informatie,,,
,Vrij te boeken voor iedereen,Entreeticket,Vrijdag 1 oktober 2027,19.00 tot 23.00,Entreeticket vrijdagavond 19.00 tot 23.00 ," €  42,50 ",,500,,"€38,50 early bird tot 1 januari",,,
,Vrij te boeken voor iedereen,Entreeticket,Zaterdag 2 oktober 2027,13.00 en 17.00,Entreeticket zaterdagmiddag 13.00 tot 17.00," €  42,50 ",,500,,"€38,50 early bird tot 1 januari",,,
,Vrij te boeken voor iedereen,Entreeticket,Zaterdag 2 oktober 2027,19.00 tot 23.00,Entreeticket zaterdagavond 19.00 tot 23.00 ," €  42,50 ",,500,,"€38,50 early bird tot 1 januari",,,
,Vrij te boeken voor iedereen,Entreeticket,Zondag 3 oktober 2027 ,13.00 en 17.00,Entreeticket zondagmiddag 13.00 tot 17.00 - GAAN WE PAS TOEVOEGEN ALS VERKOPEN ANDERE SESSIES GOED GAAN)," €  42,50 ",,500,,"€38,50 early bird tot 1 januari",,,
,enkel i.c.m. entreeticket,Masterclass,Vrijdag 1 oktober 2027,19.30 tot 20.15,"Nog niet bekend, ga ik zelf later 1 voor 1 toevoegen als het bekend is. "," €  20,00 ", MC-ruimte ,35,,,,,
,enkel i.c.m. entreeticket,Masterclass,Vrijdag 1 oktober 2027,21.00 tot 21.45,"Nog niet bekend, ga ik zelf later 1 voor 1 toevoegen als het bekend is. "," €  20,00 ", MC-ruimte ,,,,,,
,enkel i.c.m. entreeticket,Masterclass,Zaterdag 2 oktober 2027,12.15 tot 13.00,"Nog niet bekend, ga ik zelf later 1 voor 1 toevoegen als het bekend is. "," €  20,00 ", MC-ruimte ,35,,,,,
,enkel i.c.m. entreeticket,Masterclass,Zaterdag 2 oktober 2027,13.45 tot 14.30,"Nog niet bekend, ga ik zelf later 1 voor 1 toevoegen als het bekend is. "," €  20,00 ", MC-ruimte ,35,,,,,
,enkel i.c.m. entreeticket,Masterclass,Zaterdag 2 oktober 2027,15.00 tot 15.45,"Nog niet bekend, ga ik zelf later 1 voor 1 toevoegen als het bekend is. "," €  20,00 ", MC-ruimte ,35,,,,,
,enkel i.c.m. entreeticket,Masterclass,Zaterdag 2 oktober 2027,18.15 tot 19.00,"Nog niet bekend, ga ik zelf later 1 voor 1 toevoegen als het bekend is. "," €  20,00 ", MC-ruimte ,,,,,,
,enkel i.c.m. entreeticket,Masterclass,Zaterdag 2 oktober 2027,19.30 tot 20.15,"Nog niet bekend, ga ik zelf later 1 voor 1 toevoegen als het bekend is. "," €  20,00 ", MC-ruimte ,35,,Teddy Joseph Global Brand Ambassador(ENG),,,
,enkel i.c.m. entreeticket,Masterclass,Zaterdag 2 oktober 2027,21.00 tot 21.45,"Nog niet bekend, ga ik zelf later 1 voor 1 toevoegen als het bekend is. "," €  20,00 ", MC-ruimte ,35,,,,,
,enkel i.c.m. entreeticket,Masterclass,Zondag 3 oktober 2027 ,12.15 tot 13.00,"Nog niet bekend, ga ik zelf later 1 voor 1 toevoegen als het bekend is. "," €  20,00 ", MC-ruimte ,35,,"Line-up: Jura 12Y Sherry Olorosso, Jura Perspective (NAS), Jura 15Y Manzanilla, Jura 18Y",,,
,enkel i.c.m. entreeticket,Masterclass,Zondag 3 oktober 2027 ,13.45 tot 14.30,"Nog niet bekend, ga ik zelf later 1 voor 1 toevoegen als het bekend is. "," €  20,00 ", MC-ruimte ,35,,Teddy Joseph Global Brand Ambassador(ENG),,,
,enkel i.c.m. entreeticket,Masterclass,Zondag 3 oktober 2027 ,15.00 tot 15.45,"Nog niet bekend, ga ik zelf later 1 voor 1 toevoegen als het bekend is. "," €  20,00 ", MC-ruimte ,35,,Michael Yona Costa –  Brand Ambassador Suntory Global Spirits (ENG),,,
,Vrij te boeken voor iedereen,Festival botteling,,,Dada Chapel Gentse Whisky Festival Special 2026," €  95,00 ",,50,,Limousin Virgen Oak Cask 7 jaar,,,
,Vrij te boeken voor iedereen,Whisky Bootjes,Zaterdag 2 oktober 2027,12.00 tot 13.00,Rondvaart Gent - Whisky Bootje," €  19,50 ", Melden bij entree-deur ,50,,,,,
,Vrij te boeken voor iedereen,Whisky Bootjes,Zaterdag 2 oktober 2027,18.30 tot 19:30,Rondvaart Gent - Whisky Bootje," €  19,50 ", Melden bij entree-deur ,50,,,,,
,Vrij te boeken voor iedereen,Dada Chapel bezoek,Vrijdag 1 oktober 2027,18.00 tot 19.30,Rondleiding door Dada Chapel Distilleerderij," €  15,00 ", Melden bij entree-deur ,15,,,,,
,Vrij te boeken voor iedereen,Dada Chapel bezoek,Zaterdag 2 oktober 2027,11.00 tot 12.30,Rondleiding door Dada Chapel Distilleerderij," €  15,00 ", Melden bij entree-deur ,15,,,,,
,,,,,,,,,,,,,
,,,,,,,,,,,,,
,,,,,,,,,,,,,
,,,,,,,,,,,,,
,,,,,,,,,,,,,
,Amsterdam,,,,,,,,,,,,
,,Categorie,Datum,Tijd,Omschrijving,Prijs,,,,Extra informatie,,,
,Vrij te boeken voor iedereen,Entreeticket,Zaterdag 16 januari 2027,13.00 en 17.00,Entreeticket zaterdagmiddag 13.00 tot 17.00," €  39,95 ",,575,,,,,
,Vrij te boeken voor iedereen,Entreeticket,Zaterdag 16 januari 2027,19.00 tot 23.00,Entreeticket zaterdagavond 19.00 tot 23.00 ," €  39,95 ",,575,,,,,
,Vrij te boeken voor iedereen,Festival Botteling,,,Glen Scotia 5YO 1st fill Oloroso Hogshead Cask," €  82,50 ",,40,,,,,
,enkel i.c.m. entreeticket,Masterclass,Nu nog niet bekend. Ik verwacht MAXIMAAL 8 masterclasses in de volgende tijden: ,,,,,,,,,,
,enkel i.c.m. entreeticket,Masterclass,Zaterdag 16 januari 2027,12.00 tot 12.45,,?,,30,,,,,
,enkel i.c.m. entreeticket,Masterclass,Zaterdag 16 januari 2027,13.15 tot 14.00,,?,,30,,,,,
,enkel i.c.m. entreeticket,Masterclass,Zaterdag 16 januari 2027,14.30 tot 15.15,,?,,30,,,,,
,enkel i.c.m. entreeticket,Masterclass,Zaterdag 16 januari 2027,15.45 tot 16.30,,?,,30,,,,,
,enkel i.c.m. entreeticket,Masterclass,Zaterdag 16 januari 2027,18.00 tot 18.45,,?,,30,,,,,
,enkel i.c.m. entreeticket,Masterclass,Zaterdag 16 januari 2027,19.15 tot 20.00,,?,,30,,,,,
,enkel i.c.m. entreeticket,Masterclass,Zaterdag 16 januari 2027,20.30 tot 21.15,,?,,30,,,,,
,enkel i.c.m. entreeticket,Masterclass,Zaterdag 16 januari 2027,21.45 tot 22.30,,?,,30,,,,,